status,pair,inj_nr,inj_nr_in_batch,inj_nr_in_plate,plate_nested_coding,batch,plate,x1
control,452,1,3,3,3_1,3,1,301011.6565562408
case,452,2,4,4,3_1,3,1,440706.8780025796
control,623,3,5,5,3_1,3,1,243112.25361006317
case,623,4,6,6,3_1,3,1,409903.3083224817
case,229,5,7,7,3_1,3,1,452930.99138516
control,229,6,8,8,3_1,3,1,602811.6148427348
case,466,7,9,9,3_1,3,1,257103.25018114183
control,466,8,10,10,3_1,3,1,342669.3255773757
case,388,9,11,11,3_1,3,1,329811.8525287644
control,388,10,12,12,3_1,3,1,320963.8451771302
control,577,11,14,14,3_1,3,1,726555.9585196759
case,577,12,15,15,3_1,3,1,431663.1543592964
control,139,13,16,16,3_1,3,1,306287.84158527985
case,139,14,17,17,3_1,3,1,498937.91133182927
case,58,15,18,18,3_1,3,1,448467.57262283016
control,58,18,21,21,3_1,3,1,570406.9771656744
control,463,19,22,22,3_1,3,1,335819.2553696589
case,463,20,23,23,3_1,3,1,2003683.591702761
control,320,21,24,24,3_1,3,1,340652.3604606591
case,320,22,25,25,3_1,3,1,335960.60602473875
case,199,23,27,27,3_1,3,1,239352.8698413043
control,199,24,28,28,3_1,3,1,329164.9014535911
control,369,25,29,29,3_1,3,1,543892.856210885
case,369,26,30,30,3_1,3,1,447869.5506205692
case,647,27,31,31,3_1,3,1,1092651.4368947116
control,647,28,32,32,3_1,3,1,441226.06983181526
control,751,29,33,33,3_1,3,1,384957.635982713
case,751,30,34,34,3_1,3,1,804521.7179235382
case,109,32,36,36,3_1,3,1,701118.2771689561
control,109,33,37,37,3_1,3,1,348162.97315269144
control,374,35,40,40,3_1,3,1,208549.3001612064
case,374,36,41,41,3_1,3,1,248967.4326685639
case,46,38,43,43,3_1,3,1,448217.490694612
control,46,40,45,45,3_1,3,1,875784.1943384205
case,755,41,46,46,3_1,3,1,265703.8938863863
control,755,42,47,47,3_1,3,1,539864.3625411086
case,632,43,48,48,3_1,3,1,2099391.576600975
control,632,44,51,51,3_1,3,1,1330544.5893941333
case,111,45,53,53,3_1,3,1,283484.1753263369
control,111,46,54,54,3_1,3,1,396822.9361639368
case,458,47,55,55,3_1,3,1,315935.02379448095
control,458,48,56,56,3_1,3,1,747535.6576717228
control,299,49,57,57,3_1,3,1,439611.4104257106
case,299,50,58,58,3_1,3,1,1138383.8103767063
control,67,53,61,61,3_1,3,1,665998.0759452652
case,67,54,62,62,3_1,3,1,683283.6300924363
case,9,55,63,63,3_1,3,1,390619.8170313933
control,9,56,64,64,3_1,3,1,432764.0584998223
control,629,57,66,66,3_1,3,1,1408233.0840514929
case,629,58,67,67,3_1,3,1,1316874.3500788128
control,217,59,68,68,3_1,3,1,567914.3127289775
case,217,60,69,69,3_1,3,1,475927.65565392346
case,423,61,70,70,3_1,3,1,396162.3936796212
control,423,62,71,71,3_1,3,1,570890.8313311402
case,194,63,72,72,3_1,3,1,607568.608042538
control,194,64,73,73,3_1,3,1,236987.96465054492
control,659,65,74,74,3_1,3,1,402161.64167503035
case,659,66,75,75,3_1,3,1,375324.04518265417
control,52,67,76,76,3_1,3,1,532196.0895030256
case,52,68,77,77,3_1,3,1,915498.2918522072
case,651,69,79,79,3_1,3,1,508228.9986215023
control,651,70,80,80,3_1,3,1,1013081.8912120584
case,307,71,81,81,3_1,3,1,503270.852566393
control,307,72,82,82,3_1,3,1,358356.53000941285
case,583,73,83,83,3_1,3,1,528583.4929530036
control,583,74,84,84,3_1,3,1,276843.41281941143
control,223,75,85,85,3_1,3,1,434261.8317873032
case,223,76,86,86,3_1,3,1,440679.695184295
case,397,77,87,87,3_1,3,1,273032.38169591187
control,397,78,88,88,3_1,3,1,469028.6563732944
control,645,79,89,89,3_1,3,1,409476.5380754136
case,645,80,90,90,3_1,3,1,2110677.882752737
control,77,82,93,93,3_1,3,1,431445.6918130196
case,77,84,95,95,3_1,3,1,185933.1953484271
control,511,85,96,96,3_1,3,1,407791.20334176905
case,511,86,97,97,3_1,3,1,502969.123283434
control,581,87,101,5,3_2,3,2,1385361.4607468385
case,581,88,102,6,3_2,3,2,983509.7032002524
control,464,89,103,7,3_2,3,2,1083422.8700870932
case,464,90,104,8,3_2,3,2,399611.89331993577
case,738,91,105,9,3_2,3,2,299785.7114516058
control,738,92,106,10,3_2,3,2,675658.8495636088
control,386,93,107,11,3_2,3,2,224364.26383918113
case,386,94,108,12,3_2,3,2,274777.5186297826
control,149,95,109,13,3_2,3,2,528822.701753908
case,149,96,110,14,3_2,3,2,381491.8266514278
case,460,97,112,16,3_2,3,2,294120.8121210971
control,460,98,113,17,3_2,3,2,1132251.366571703
case,611,99,114,18,3_2,3,2,385313.7309022412
control,611,100,115,19,3_2,3,2,298165.6154818442
case,289,101,116,20,3_2,3,2,253689.0882045973
control,289,102,117,21,3_2,3,2,177259.15803381434
case,734,103,118,22,3_2,3,2,236732.44615866977
control,734,104,119,23,3_2,3,2,454578.2701732061
case,518,105,120,24,3_2,3,2,428319.66771029175
control,518,106,121,25,3_2,3,2,578757.5389427007
control,567,107,122,26,3_2,3,2,504401.65780703194
case,567,108,123,27,3_2,3,2,468169.67931550136
control,266,111,127,31,3_2,3,2,396214.04103436193
case,266,112,128,32,3_2,3,2,517147.6813006764
case,489,113,129,33,3_2,3,2,823487.170240697
control,489,114,130,34,3_2,3,2,1025607.7338775976
control,642,115,131,35,3_2,3,2,478458.3760362188
case,642,116,132,36,3_2,3,2,265535.3604130218
control,3,117,133,37,3_2,3,2,916164.2709001796
case,3,119,135,39,3_2,3,2,653260.2072971062
control,409,121,138,42,3_2,3,2,467732.0359411194
case,409,122,139,43,3_2,3,2,793132.1170622949
control,631,123,140,44,3_2,3,2,285748.5040894433
case,631,124,141,45,3_2,3,2,502963.6867197771
control,40,125,142,46,3_2,3,2,336039.43619776407
case,40,126,143,47,3_2,3,2,764236.7812257751
control,104,127,144,48,3_2,3,2,660441.907887895
case,104,128,145,49,3_2,3,2,545314.517607169
control,491,129,146,50,3_2,3,2,538548.7141361345
case,491,130,147,51,3_2,3,2,579263.139362794
control,44,131,151,55,3_2,3,2,495735.7753379045
case,44,132,152,56,3_2,3,2,403099.4489058487
case,245,134,154,58,3_2,3,2,792803.2049610512
control,245,136,156,60,3_2,3,2,366166.15370257566
control,179,137,157,61,3_2,3,2,332633.4290667049
case,179,138,158,62,3_2,3,2,436849.63608799624
control,210,139,159,63,3_2,3,2,493112.6333734415
case,210,140,160,64,3_2,3,2,428564.31307485304
case,169,141,161,65,3_2,3,2,331717.3680905142
control,169,142,162,66,3_2,3,2,424280.3009132016
control,186,143,164,68,3_2,3,2,313931.6500869067
case,186,144,165,69,3_2,3,2,404069.8755186086
case,47,145,166,70,3_2,3,2,333962.6688808214
control,47,146,167,71,3_2,3,2,270322.2547129382
control,455,147,168,72,3_2,3,2,434082.4251866249
case,455,148,169,73,3_2,3,2,648560.2980157005
case,635,149,170,74,3_2,3,2,501058.1711580273
control,635,150,171,75,3_2,3,2,322787.81228402624
case,606,151,172,76,3_2,3,2,617060.848187517
control,606,152,173,77,3_2,3,2,699253.5358346332
case,754,153,174,78,3_2,3,2,312787.2534371254
control,754,154,175,79,3_2,3,2,519683.8382466287
control,165,155,177,81,3_2,3,2,785317.056805475
case,165,157,179,83,3_2,3,2,428556.1582293677
control,467,159,181,85,3_2,3,2,424402.62359548226
case,467,160,182,86,3_2,3,2,263336.27041379845
case,535,161,183,87,3_2,3,2,369496.048942438
control,535,162,184,88,3_2,3,2,401237.4258533543
case,120,163,185,89,3_2,3,2,321504.78326099354
control,120,164,186,90,3_2,3,2,575568.9943579182
case,707,167,190,94,3_2,3,2,1038443.4606715812
control,707,168,191,95,3_2,3,2,1543997.6699738798
case,354,169,192,96,3_2,3,2,255836.53084907995
control,354,170,193,97,3_2,3,2,228564.0092641503
control,709,171,194,98,3_2,3,2,455314.9245487185
case,709,172,195,99,3_2,3,2,394501.5234824328
control,508,173,196,100,3_2,3,2,294349.1477946877
case,508,174,197,101,3_2,3,2,229143.00329361213
case,447,175,201,9,3_3,3,3,1200567.2254845358
control,447,176,202,10,3_3,3,3,681263.9466938913
case,688,177,203,11,3_3,3,3,526683.4139549107
control,688,178,204,12,3_3,3,3,764813.0569734084
case,548,179,205,13,3_3,3,3,794262.9223029338
control,548,180,206,14,3_3,3,3,367275.21268858697
control,736,181,207,15,3_3,3,3,313273.82588441955
case,736,182,208,16,3_3,3,3,604431.7108124964
control,351,183,209,17,3_3,3,3,1482477.5156321947
case,351,184,211,19,3_3,3,3,1497017.6051326222
control,641,185,212,20,3_3,3,3,1771887.5453445725
case,641,186,213,21,3_3,3,3,811937.1907515745
case,119,187,214,22,3_3,3,3,781655.5311825407
control,119,188,215,23,3_3,3,3,596934.6895296063
control,48,189,216,24,3_3,3,3,415568.2076529904
case,48,190,217,25,3_3,3,3,424576.5936325037
control,490,191,218,26,3_3,3,3,446061.8932046439
case,490,192,219,27,3_3,3,3,983509.7032002524
control,551,193,220,28,3_3,3,3,390772.04081378697
case,551,194,221,29,3_3,3,3,754363.9816248119
case,254,197,225,33,3_3,3,3,718583.2379168054
control,254,198,226,34,3_3,3,3,943499.3129671636
control,713,199,227,35,3_3,3,3,212186.3612476846
case,713,200,228,36,3_3,3,3,526134.321025562
case,529,201,229,37,3_3,3,3,753891.00058666
control,529,202,230,38,3_3,3,3,608944.0586477384
case,156,203,231,39,3_3,3,3,388195.1096404078
control,156,204,232,40,3_3,3,3,241739.52128669136
control,347,205,233,41,3_3,3,3,290981.1966092269
case,347,206,235,43,3_3,3,3,412874.39036098745
control,234,208,237,45,3_3,3,3,299845.5136518319
case,234,209,238,46,3_3,3,3,362200.1805148539
control,394,211,240,48,3_3,3,3,423252.7903820441
case,394,212,241,49,3_3,3,3,335020.0805120919
case,377,213,242,50,3_3,3,3,498649.7734580126
control,377,214,243,51,3_3,3,3,568523.2078585523
control,732,215,244,52,3_3,3,3,254238.18113394603
case,732,216,245,53,3_3,3,3,279857.98736717255
control,116,217,249,57,3_3,3,3,433103.8437283797
case,116,218,250,58,3_3,3,3,1172449.3182509553
control,74,219,251,59,3_3,3,3,609291.9987217811
case,74,220,252,60,3_3,3,3,660020.5742044838
case,276,224,256,64,3_3,3,3,222689.8022328503
control,276,226,259,67,3_3,3,3,358125.4760539938
control,42,227,260,68,3_3,3,3,300601.1960001435
case,42,228,261,69,3_3,3,3,273154.70437819255
case,483,229,262,70,3_3,3,3,403227.2081517863
control,483,230,263,71,3_3,3,3,600740.284089449
case,363,231,264,72,3_3,3,3,479053.67975665134
control,363,232,265,73,3_3,3,3,250981.6795034521
control,439,233,266,74,3_3,3,3,1315572.293082981
case,439,234,267,75,3_3,3,3,869056.4468129844
control,614,235,268,76,3_3,3,3,309215.4311145302
case,614,236,269,77,3_3,3,3,732234.4492593268
case,695,237,271,79,3_3,3,3,747568.2770536643
control,695,238,272,80,3_3,3,3,247670.81223638897
case,513,239,273,81,3_3,3,3,465677.0148788044
control,513,240,274,82,3_3,3,3,300641.9702275704
case,578,241,275,83,3_3,3,3,462757.5801950394
control,578,242,276,84,3_3,3,3,555836.986565134
case,177,243,277,85,3_3,3,3,202237.4497555245
control,177,244,278,86,3_3,3,3,218794.50437266857
control,473,245,279,87,3_3,3,3,279645.9613845527
case,473,246,280,88,3_3,3,3,550291.6916350776
control,214,247,281,89,3_3,3,3,1261255.5855867122
case,214,248,283,91,3_3,3,3,380483.34409306943
case,686,249,284,92,3_3,3,3,363904.54322129773
control,686,250,285,93,3_3,3,3,414146.5462567063
control,244,251,286,94,3_3,3,3,486936.69705918257
case,244,253,288,96,3_3,3,3,1112755.8492979947
control,317,255,290,98,3_3,3,3,508511.699931662
case,317,256,291,99,3_3,3,3,255687.0253485147
control,191,257,292,100,3_3,3,3,503072.4179929155
case,191,258,293,101,3_3,3,3,476628.9723656659
control,526,259,297,9,3_4,3,4,248469.98709395595
case,526,260,298,10,3_4,3,4,387991.23850327334
control,54,261,299,11,3_4,3,4,354227.4599119835
case,54,262,300,12,3_4,3,4,275196.1340313653
control,410,263,301,13,3_4,3,4,665277.7312607237
case,410,264,302,14,3_4,3,4,321972.32773548854
control,679,265,303,15,3_4,3,4,399940.8054211793
case,679,266,304,16,3_4,3,4,2029349.608727071
case,385,267,305,17,3_4,3,4,197154.2627363061
control,385,268,306,18,3_4,3,4,424758.7185150104
control,288,269,308,20,3_4,3,4,238434.0905832851
case,288,270,309,21,3_4,3,4,218544.42244445032
control,595,271,310,22,3_4,3,4,229599.67464079324
case,595,272,311,23,3_4,3,4,521178.8932522812
control,412,273,312,24,3_4,3,4,464220.0158187504
case,412,274,313,25,3_4,3,4,487474.91686121747
control,484,275,314,26,3_4,3,4,856530.6041474451
case,484,276,315,27,3_4,3,4,690465.3306832251
control,496,277,316,28,3_4,3,4,244639.92799765713
case,496,278,317,29,3_4,3,4,304159.4269135964
control,573,279,318,30,3_4,3,4,353566.917427668
case,573,280,319,31,3_4,3,4,359060.5650029837
control,30,281,321,33,3_4,3,4,327637.22706599714
case,30,282,322,34,3_4,3,4,1502027.3985424722
control,402,283,323,35,3_4,3,4,305290.23215423536
case,402,284,324,36,3_4,3,4,1823102.6932745692
control,86,286,326,38,3_4,3,4,202623.4457751657
case,86,287,327,39,3_4,3,4,255018.32801871377
case,142,289,329,41,3_4,3,4,306711.8935505194
control,142,290,330,42,3_4,3,4,283829.3971185512
control,517,291,331,43,3_4,3,4,357203.9785141462
case,517,292,332,44,3_4,3,4,518191.50152280467
case,264,293,334,46,3_4,3,4,242043.9688514787
control,264,296,337,49,3_4,3,4,291307.39042864204
case,251,297,338,50,3_4,3,4,502074.808561871
control,251,300,341,53,3_4,3,4,411803.3873205746
control,335,301,342,54,3_4,3,4,149043.39265440943
case,335,302,345,57,3_4,3,4,453371.3530413703
control,31,303,347,59,3_4,3,4,253164.4598117047
case,31,304,348,60,3_4,3,4,490484.0548453216
control,110,305,349,61,3_4,3,4,264010.4043072563
case,110,306,350,62,3_4,3,4,688595.1527852453
case,159,307,351,63,3_4,3,4,194968.764146225
control,159,308,352,64,3_4,3,4,274193.0880366639
control,125,309,353,65,3_4,3,4,254754.65468135325
case,125,310,354,66,3_4,3,4,741386.9041757485
case,241,312,356,68,3_4,3,4,104235.23499409054
control,241,314,358,70,3_4,3,4,200470.5665670261
case,406,315,360,72,3_4,3,4,521717.1130543161
control,406,316,361,73,3_4,3,4,403645.823553369
case,441,317,362,74,3_4,3,4,2114092.0447292817
control,441,318,363,75,3_4,3,4,598459.6456353718
case,329,319,364,76,3_4,3,4,265328.7709940589
control,329,320,365,77,3_4,3,4,397690.0680672152
control,382,321,366,78,3_4,3,4,378240.7615845908
case,382,322,367,79,3_4,3,4,226601.40978400293
case,620,323,368,80,3_4,3,4,1252211.861943429
control,620,324,369,81,3_4,3,4,354920.6217782406
case,249,327,373,85,3_4,3,4,399282.9812186922
control,249,328,374,86,3_4,3,4,357829.1833346918
control,392,329,375,87,3_4,3,4,539829.0248773387
case,392,330,376,88,3_4,3,4,464184.6781549803
control,456,331,377,89,3_4,3,4,545939.7224277146
case,456,332,378,90,3_4,3,4,293025.34454422817
control,570,333,379,91,3_4,3,4,525710.2690603224
case,570,334,380,92,3_4,3,4,782378.5941489108
control,522,335,381,93,3_4,3,4,848451.8705532649
case,522,336,382,94,3_4,3,4,510708.0716490569
control,208,337,383,95,3_4,3,4,445768.3187671704
case,208,338,384,96,3_4,3,4,444917.49655486265
control,639,339,386,98,3_4,3,4,278441.7625345454
case,639,340,387,99,3_4,3,4,305409.8365546875
case,435,341,388,100,3_4,3,4,426683.2620495594
control,435,342,389,101,3_4,3,4,363529.4203289704
control,124,343,390,102,3_4,3,4,184633.85663442372
case,124,344,391,103,3_4,3,4,444110.1668518103
case,15,345,395,11,3_5,3,5,783637.1586354873
control,15,346,396,12,3_5,3,5,297227.80825102585
control,60,347,397,13,3_5,3,5,155635.2260884226
case,60,349,399,15,3_5,3,5,584229.4402633887
control,16,351,401,17,3_5,3,5,457416.15640211734
case,16,352,402,18,3_5,3,5,218359.57928011508
case,749,353,403,19,3_5,3,5,608979.3963115084
control,749,354,404,20,3_5,3,5,365965.0008472697
control,378,355,406,22,3_5,3,5,325805.10511361575
case,378,356,407,23,3_5,3,5,391853.91698151367
control,94,357,408,24,3_5,3,5,611738.4523673942
case,94,358,409,25,3_5,3,5,566476.3416417227
case,166,359,410,26,3_5,3,5,264929.18356527545
control,166,360,411,27,3_5,3,5,389586.8699365788
case,195,361,412,28,3_5,3,5,302490.40187092253
control,195,362,413,29,3_5,3,5,326552.632616442
control,189,363,414,30,3_5,3,5,883161.6112208584
case,189,364,415,31,3_5,3,5,483881.3482839946
control,383,365,416,32,3_5,3,5,406603.3141827324
case,383,366,417,33,3_5,3,5,764035.6283704692
case,337,367,419,35,3_5,3,5,454368.9624724148
control,337,368,420,36,3_5,3,5,339782.51027555217
control,565,369,421,37,3_5,3,5,323981.13800671976
case,565,370,422,38,3_5,3,5,485392.7129806178
control,696,371,423,39,3_5,3,5,615168.9240349096
case,696,372,424,40,3_5,3,5,316486.83500565815
case,331,373,425,41,3_5,3,5,308467.90361170395
control,331,374,426,42,3_5,3,5,337703.02467678103
control,323,375,427,43,3_5,3,5,371352.6354312755
case,323,376,428,44,3_5,3,5,246091.49049405428
case,525,377,429,45,3_5,3,5,798163.6567267725
control,525,378,430,46,3_5,3,5,893724.8544062502
control,268,379,432,48,3_5,3,5,613353.1117734989
case,268,380,433,49,3_5,3,5,854494.6110579292
case,112,383,436,52,3_5,3,5,556228.4191484321
control,112,384,437,53,3_5,3,5,1144336.847581032
case,163,385,438,54,3_5,3,5,598997.8654374067
control,163,386,439,55,3_5,3,5,700862.758677081
control,502,387,440,56,3_5,3,5,1211690.43472659
case,502,388,443,59,3_5,3,5,297385.4685970764
control,252,389,445,61,3_5,3,5,593020.3636966252
case,252,390,446,62,3_5,3,5,454241.2032264772
control,729,393,449,65,3_5,3,5,280681.6267611956
case,729,394,450,66,3_5,3,5,301832.57766843546
case,468,395,451,67,3_5,3,5,510640.11460334546
control,468,396,452,68,3_5,3,5,197377.16184623973
control,492,397,453,69,3_5,3,5,208326.40105127275
case,492,398,454,70,3_5,3,5,177313.52367038353
case,65,400,456,72,3_5,3,5,418944.3136839365
control,65,401,458,74,3_5,3,5,617218.5085335677
case,285,403,460,76,3_5,3,5,512466.7999920699
control,285,404,461,77,3_5,3,5,488195.2615457591
case,516,405,462,78,3_5,3,5,413456.10267227766
control,516,406,463,79,3_5,3,5,426626.1781311617
control,239,407,464,80,3_5,3,5,489209.18066777434
case,239,410,467,83,3_5,3,5,1246147.375184137
control,221,411,468,84,3_5,3,5,1028062.3423686962
case,221,412,469,85,3_5,3,5,890408.5505755302
control,646,413,471,87,3_5,3,5,450788.9853043342
case,646,414,472,88,3_5,3,5,303131.91638243885
control,544,415,473,89,3_5,3,5,540712.4664715879
case,544,416,474,90,3_5,3,5,867865.8393721193
control,395,417,475,91,3_5,3,5,459922.4122479566
case,395,418,476,92,3_5,3,5,478518.17823644495
control,610,419,477,93,3_5,3,5,344017.59336429136
case,610,420,478,94,3_5,3,5,1541369.09144576
control,760,421,479,95,3_5,3,5,656954.352301982
case,760,422,480,96,3_5,3,5,436297.82487681904
case,719,423,481,97,3_5,3,5,607351.1454962613
control,719,424,482,98,3_5,3,5,811784.9669691807
case,753,425,484,100,3_5,3,5,1234662.6344588974
control,753,426,485,101,3_5,3,5,1170807.476026566
control,448,427,486,102,3_5,3,5,321994.0739901162
case,448,428,487,103,3_5,3,5,510988.0546773882
case,315,429,488,104,3_5,3,5,397426.3947298547
control,315,430,489,105,3_5,3,5,552865.9045266283
case,246,431,3,3,4_1,4,1,186922.64993398625
control,246,434,6,6,4_1,4,1,377909.1312015187
control,608,435,7,7,4_1,4,1,311569.46317797573
case,608,436,8,8,4_1,4,1,501444.1671776685
control,215,437,9,9,4_1,4,1,312395.8208538273
case,215,438,10,10,4_1,4,1,857680.4373608833
case,7,439,11,11,4_1,4,1,181988.96841533307
control,7,440,12,12,4_1,4,1,826762.6998439902
control,330,441,14,14,4_1,4,1,203675.4208427793
case,330,442,15,15,4_1,4,1,454931.6468109058
control,676,443,16,16,4_1,4,1,4710499.707409365
case,676,444,17,17,4_1,4,1,595730.490679599
case,206,445,18,18,4_1,4,1,651732.5329095122
control,206,446,19,19,4_1,4,1,265298.86989394587
control,297,447,20,20,4_1,4,1,477691.8205605934
case,297,448,21,21,4_1,4,1,420607.9021629534
control,521,449,22,22,4_1,4,1,499815.9163624215
case,521,450,23,23,4_1,4,1,311216.08654027607
case,585,451,24,24,4_1,4,1,229401.24006731572
control,585,452,25,25,4_1,4,1,361814.18449521274
case,514,453,27,27,4_1,4,1,697358.8934001973
control,514,454,28,28,4_1,4,1,823598.6197956637
case,81,455,29,29,4_1,4,1,822179.6766812082
control,81,456,30,30,4_1,4,1,776585.9355724646
case,630,459,33,33,4_1,4,1,338059.11959630914
control,630,460,34,34,4_1,4,1,397717.2508854998
case,536,461,35,35,4_1,4,1,671812.4807763392
control,536,462,36,36,4_1,4,1,248347.66441167527
case,527,463,37,37,4_1,4,1,437474.8409085418
control,527,464,38,38,4_1,4,1,322301.23983673204
control,237,466,41,41,4_1,4,1,621347.578630997
case,237,468,43,43,4_1,4,1,249519.24387974112
case,543,469,44,44,4_1,4,1,675802.918500517
control,543,470,45,45,4_1,4,1,658585.3213990574
control,703,471,46,46,4_1,4,1,351025.32391805877
case,703,472,47,47,4_1,4,1,474660.9363218615
case,6,473,48,48,4_1,4,1,688361.3805479978
control,6,474,51,51,4_1,4,1,296890.7413042969
case,438,475,53,53,4_1,4,1,375440.93130127795
control,438,476,54,54,4_1,4,1,636453.0707517439
control,32,477,55,55,4_1,4,1,448141.3788034151
case,32,478,56,56,4_1,4,1,239910.1176161384
case,612,479,57,57,4_1,4,1,362893.342381111
control,612,480,58,58,4_1,4,1,353259.75158105214
case,261,481,59,59,4_1,4,1,158429.6198080785
control,261,482,60,60,4_1,4,1,346268.3307182555
case,757,485,63,63,4_1,4,1,362072.42126891634
control,757,486,64,64,4_1,4,1,350367.4997155717
case,202,487,66,66,4_1,4,1,663486.3835357691
control,202,488,67,67,4_1,4,1,517025.35861839575
control,698,489,68,68,4_1,4,1,706079.1415058939
case,698,490,69,69,4_1,4,1,311107.3552671377
case,279,491,70,70,4_1,4,1,271877.11191881675
control,279,492,71,71,4_1,4,1,292606.72914264543
control,181,493,72,72,4_1,4,1,273997.37174501485
case,181,494,73,73,4_1,4,1,405350.1862598128
case,743,495,74,74,4_1,4,1,376680.4678150553
control,743,496,75,75,4_1,4,1,146268.02690755276
control,167,497,76,76,4_1,4,1,253577.63864963048
case,167,498,77,77,4_1,4,1,349658.02815834386
case,301,499,79,79,4_1,4,1,182437.4849170288
control,301,500,80,80,4_1,4,1,283068.27820658265
control,93,501,81,81,4_1,4,1,1904822.3998835336
case,93,502,82,82,4_1,4,1,336235.1524894131
case,57,504,84,84,4_1,4,1,1360067.848333027
control,57,506,86,86,4_1,4,1,309495.4141428615
control,759,507,87,87,4_1,4,1,304991.22115310485
case,759,508,88,88,4_1,4,1,290486.4693164474
case,730,509,89,89,4_1,4,1,384992.97364648303
control,730,510,90,90,4_1,4,1,211321.9476262346
control,564,511,92,92,4_1,4,1,191258.3094503784
case,564,512,93,93,4_1,4,1,441283.1537502129
control,443,513,94,94,4_1,4,1,728040.1403980145
case,443,514,95,95,4_1,4,1,518523.1319058767
control,740,515,96,96,4_1,4,1,743904.0331489015
case,740,516,97,97,4_1,4,1,241209.45633014184
control,235,517,101,5,4_2,4,2,332840.01848566777
case,235,520,104,8,4_2,4,2,382869.9955384565
control,296,521,105,9,4_2,4,2,319373.65030748164
case,296,522,106,10,4_2,4,2,416057.498382113
case,672,523,107,11,4_2,4,2,428784.49390295823
control,672,524,108,12,4_2,4,2,417544.3985422801
control,200,525,109,13,4_2,4,2,632989.9797022871
case,200,526,111,15,4_2,4,2,713494.6143339302
case,216,527,112,16,4_2,4,2,886200.6503050756
control,216,528,113,17,4_2,4,2,627675.7387276497
control,225,529,114,18,4_2,4,2,364997.2925163383
case,225,530,115,19,4_2,4,2,525326.9913225097
case,380,531,116,20,4_2,4,2,732392.1096053774
control,380,532,117,21,4_2,4,2,460735.17851466587
case,381,533,118,22,4_2,4,2,319017.55538795353
control,381,534,119,23,4_2,4,2,291774.934903137
control,714,535,120,24,4_2,4,2,332048.99847358617
case,714,536,121,25,4_2,4,2,321589.0499976758
case,339,537,123,27,4_2,4,2,396684.3037906854
control,339,538,124,28,4_2,4,2,272733.37069478136
case,272,539,125,29,4_2,4,2,443879.1128963913
control,272,542,128,32,4_2,4,2,440995.01587639627
control,353,543,129,33,4_2,4,2,450824.32296810416
case,353,544,130,34,4_2,4,2,285188.5380327807
case,598,545,131,35,4_2,4,2,513021.3294850756
control,598,546,132,36,4_2,4,2,339382.9228467687
case,643,547,133,37,4_2,4,2,350247.8953151195
control,643,548,135,39,4_2,4,2,649745.4688929087
case,432,549,136,40,4_2,4,2,515986.9749599244
control,432,550,137,41,4_2,4,2,307856.2902003007
case,113,551,138,42,4_2,4,2,485822.2015095144
control,113,552,139,43,4_2,4,2,590671.7681968367
case,700,553,140,44,4_2,4,2,590223.251695141
control,700,554,141,45,4_2,4,2,397627.54758516065
case,267,556,143,47,4_2,4,2,149154.84220937625
control,267,558,145,49,4_2,4,2,343185.7991247829
case,506,559,149,53,4_2,4,2,307059.8336245622
control,506,560,150,54,4_2,4,2,253740.73555933803
control,677,561,151,55,4_2,4,2,500620.52778364543
case,677,562,152,56,4_2,4,2,350932.9023358912
control,704,563,153,57,4_2,4,2,371377.0999677317
case,704,564,154,58,4_2,4,2,856519.7310201313
case,601,565,155,59,4_2,4,2,360593.6759542346
control,601,566,156,60,4_2,4,2,284541.5869576075
control,501,567,157,61,4_2,4,2,282704.0284415691
case,501,568,159,63,4_2,4,2,394324.83516358293
control,33,569,160,64,4_2,4,2,524943.713584697
case,33,570,161,65,4_2,4,2,453493.67572365096
control,562,571,162,66,4_2,4,2,818678.5296861529
case,562,572,163,67,4_2,4,2,344270.39357433806
case,752,573,164,68,4_2,4,2,203822.2080615161
control,752,574,165,69,4_2,4,2,859626.72715006
control,69,575,166,70,4_2,4,2,398992.1250630471
case,69,578,169,73,4_2,4,2,305192.37400841084
control,444,579,171,75,4_2,4,2,443419.7232673817
case,444,580,172,76,4_2,4,2,470317.1219599839
control,628,581,173,77,4_2,4,2,471771.4027382096
case,628,582,174,78,4_2,4,2,505285.0994012811
control,213,583,175,79,4_2,4,2,440424.17669241986
case,213,584,176,80,4_2,4,2,268876.128780198
control,144,585,177,81,4_2,4,2,184459.8865974023
case,144,586,178,82,4_2,4,2,470121.4056683349
case,723,587,179,83,4_2,4,2,270300.5084583105
control,723,588,180,84,4_2,4,2,224695.89422225312
control,638,589,181,85,4_2,4,2,464641.3495021615
case,638,590,183,87,4_2,4,2,220618.47147956456
case,56,591,184,88,4_2,4,2,581092.543033347
control,56,594,187,91,4_2,4,2,380790.50993968535
case,745,595,188,92,4_2,4,2,629013.1333872515
control,745,596,189,93,4_2,4,2,274742.1809660126
case,10,597,190,94,4_2,4,2,355953.56887305505
control,10,598,191,95,4_2,4,2,279542.6666750713
case,680,599,192,96,4_2,4,2,258900.0344697533
control,680,600,193,97,4_2,4,2,187719.10650972475
case,615,601,197,5,4_3,4,3,366114.50634783495
control,615,602,198,6,4_3,4,3,151470.81832722336
control,201,603,199,7,4_3,4,3,246496.51448649468
case,201,604,200,8,4_3,4,3,352047.3978855594
case,553,605,201,9,4_3,4,3,207962.15128625924
control,553,606,202,10,4_3,4,3,400856.86639737
control,637,607,203,11,4_3,4,3,439480.9328979446
case,637,608,204,12,4_3,4,3,291253.0247920728
control,146,609,205,13,4_3,4,3,460327.436240397
case,146,610,206,14,4_3,4,3,238621.6520294488
case,627,611,208,16,4_3,4,3,264453.4842452951
control,627,612,209,17,4_3,4,3,175234.03807161233
case,43,613,210,18,4_3,4,3,108130.53285427236
control,43,614,211,19,4_3,4,3,176473.57458538967
case,260,615,212,20,4_3,4,3,270996.38860639604
control,260,618,215,23,4_3,4,3,208043.69974111303
control,437,619,216,24,4_3,4,3,225451.5765705647
case,437,620,217,25,4_3,4,3,491133.72420232336
case,376,621,218,26,4_3,4,3,328186.3199953459
control,376,622,219,27,4_3,4,3,313629.9208039477
case,107,623,221,29,4_3,4,3,143666.63119771745
control,107,624,222,30,4_3,4,3,145974.45247007918
control,370,625,223,31,4_3,4,3,188711.27937711228
case,370,626,224,32,4_3,4,3,195012.25665548036
control,650,627,225,33,4_3,4,3,344305.731238108
case,650,628,226,34,4_3,4,3,350894.84639029275
case,62,630,228,36,4_3,4,3,230969.6886823366
control,62,632,230,38,4_3,4,3,149635.97809301352
control,236,634,232,40,4_3,4,3,160998.39613597232
case,236,636,235,43,4_3,4,3,296474.84418454266
case,295,637,236,44,4_3,4,3,203466.113141988
control,295,638,237,45,4_3,4,3,136177.76476031277
control,534,639,238,46,4_3,4,3,170096.48541582475
case,534,640,239,47,4_3,4,3,114980.60306198915
case,619,641,240,48,4_3,4,3,124230.91612423529
control,619,642,241,49,4_3,4,3,174872.5065884273
case,530,643,242,50,4_3,4,3,218449.28258045425
control,530,644,245,53,4_3,4,3,216940.63616565947
case,143,645,247,55,4_3,4,3,123605.71130368968
control,143,647,249,57,4_3,4,3,119789.2436165332
control,472,649,251,59,4_3,4,3,285011.84971393086
case,472,650,252,60,4_3,4,3,136542.0145253263
control,690,651,253,61,4_3,4,3,730372.4262068324
case,690,652,254,62,4_3,4,3,213926.0616178984
case,96,653,255,63,4_3,4,3,168424.74209132243
control,96,654,256,64,4_3,4,3,164390.8118578892
control,449,655,257,65,4_3,4,3,296994.03601377836
case,449,656,258,66,4_3,4,3,408979.0925008056
case,486,657,260,68,4_3,4,3,163113.2193985135
control,486,658,261,69,4_3,4,3,138477.43118718913
control,59,659,262,70,4_3,4,3,188493.81683083557
case,59,662,265,73,4_3,4,3,96626.76415623368
case,572,663,266,74,4_3,4,3,140714.57713201092
control,572,664,267,75,4_3,4,3,76049.3707147987
case,367,665,268,76,4_3,4,3,270596.80117761256
control,367,666,269,77,4_3,4,3,232211.9434779424
case,34,667,270,78,4_3,4,3,111039.09441072353
control,34,668,271,79,4_3,4,3,108834.56784784324
control,528,669,273,81,4_3,4,3,63216.362202643555
case,528,670,274,82,4_3,4,3,165638.5032171519
case,758,671,275,83,4_3,4,3,139233.11353550074
control,758,672,276,84,4_3,4,3,103857.39381993472
case,138,673,277,85,4_3,4,3,138183.85674971557
control,138,674,278,86,4_3,4,3,148926.5065357857
case,648,675,279,87,4_3,4,3,72167.66426375919
control,648,676,280,88,4_3,4,3,63857.87671415989
case,524,677,281,89,4_3,4,3,91124.96173543256
control,524,678,282,90,4_3,4,3,76272.26982473234
case,389,679,283,91,4_3,4,3,208350.86558772888
control,389,680,284,92,4_3,4,3,117263.95979789474
case,158,681,286,94,4_3,4,3,77824.40874878246
control,158,682,287,95,4_3,4,3,135098.60687441457
case,702,683,288,96,4_3,4,3,106480.53578439773
control,702,684,289,97,4_3,4,3,120142.62025423288
control,145,685,290,98,4_3,4,3,121909.50344273123
case,145,686,291,99,4_3,4,3,202647.91031162185
case,87,688,296,8,4_4,4,4,391639.1727170654
control,87,689,297,9,4_4,4,4,100837.38270851674
control,482,691,299,11,4_4,4,4,127878.85033802732
case,482,692,300,12,4_4,4,4,154893.1351492533
case,404,693,301,13,4_4,4,4,99298.83519360892
control,404,694,302,14,4_4,4,4,55944.958311515606
case,668,695,303,15,4_4,4,4,131806.76758015063
control,668,696,304,16,4_4,4,4,75348.05400305627
case,493,697,306,18,4_4,4,4,122445.00496293767
control,493,698,307,19,4_4,4,4,272885.5944771751
case,422,699,308,20,4_4,4,4,213077.95768741917
control,422,700,309,21,4_4,4,4,231551.40099362683
control,580,701,310,22,4_4,4,4,135359.56192994662
case,580,702,311,23,4_4,4,4,114423.35528715503
control,616,703,312,24,4_4,4,4,98214.24074405376
case,616,704,313,25,4_4,4,4,128561.13907697052
control,73,706,315,27,4_4,4,4,183761.28816748835
case,73,707,316,28,4_4,4,4,141733.93281768306
case,127,709,319,31,4_4,4,4,241679.71908646525
control,127,710,320,32,4_4,4,4,66380.44225096988
control,36,711,321,33,4_4,4,4,97510.20575048288
case,36,712,322,34,4_4,4,4,130026.29298250996
control,99,713,323,35,4_4,4,4,122817.40957343655
case,99,714,324,36,4_4,4,4,120052.91695389371
control,68,716,326,38,4_4,4,4,88675.78980799096
case,68,717,327,39,4_4,4,4,102223.70644103084
case,654,719,329,41,4_4,4,4,161175.08445482215
control,654,720,330,42,4_4,4,4,144533.7631009959
control,327,721,332,44,4_4,4,4,118256.1326652823
case,327,722,333,45,4_4,4,4,85003.3910577428
case,227,723,334,46,4_4,4,4,418240.2786903656
control,227,724,335,47,4_4,4,4,171787.25671312626
control,1,725,336,48,4_4,4,4,117603.74502645212
case,1,727,338,50,4_4,4,4,282521.9035590624
control,316,729,340,52,4_4,4,4,63306.0655029827
case,316,730,341,53,4_4,4,4,111079.86863815042
control,609,731,345,57,4_4,4,4,72629.77217459722
case,609,732,346,58,4_4,4,4,168269.80002710028
control,76,735,349,61,4_4,4,4,110786.29420067684
case,76,736,350,62,4_4,4,4,84264.01840040194
case,712,737,351,63,4_4,4,4,103425.18700920977
control,712,738,352,64,4_4,4,4,583057.8607953229
control,634,739,353,65,4_4,4,4,110133.90656184668
case,634,740,354,66,4_4,4,4,129088.4857516916
case,26,741,355,67,4_4,4,4,228197.0412173084
control,26,742,356,68,4_4,4,4,233497.69078280352
case,510,743,358,70,4_4,4,4,43941.025757040465
control,510,744,359,71,4_4,4,4,87324.80373924682
case,278,745,360,72,4_4,4,4,118552.42538458432
control,278,746,361,73,4_4,4,4,110283.41206241192
control,421,747,362,74,4_4,4,4,93163.67310677686
case,421,748,363,75,4_4,4,4,191614.40436990655
case,689,749,364,76,4_4,4,4,359231.81675817666
control,689,750,365,77,4_4,4,4,138705.7668607797
case,362,751,366,78,4_4,4,4,95082.78007766894
control,362,752,367,79,4_4,4,4,134916.48199190781
control,27,753,368,80,4_4,4,4,156274.0223181105
case,27,754,369,81,4_4,4,4,165967.41531839545
control,91,755,371,83,4_4,4,4,135935.83767757993
case,91,756,372,84,4_4,4,4,159307.6248386708
case,731,757,373,85,4_4,4,4,99970.2508052383
control,731,758,374,86,4_4,4,4,143030.55324985803
case,678,759,375,87,4_4,4,4,73562.14284175867
control,678,760,376,88,4_4,4,4,80472.01524970157
control,546,761,377,89,4_4,4,4,91301.6500542824
case,546,762,378,90,4_4,4,4,187390.1944084812
case,428,763,379,91,4_4,4,4,132323.24112755785
control,428,764,380,92,4_4,4,4,79017.73447147598
control,178,765,381,93,4_4,4,4,152791.90329585446
case,178,766,382,94,4_4,4,4,91663.18153746746
control,355,767,384,96,4_4,4,4,142013.91584601437
case,355,768,385,97,4_4,4,4,139007.49614373865
case,228,769,386,98,4_4,4,4,118612.22758481043
control,228,770,387,99,4_4,4,4,107967.43594456482
case,640,771,388,100,4_4,4,4,95547.60627033544
control,640,772,389,101,4_4,4,4,79180.83138118353
control,137,773,390,102,4_4,4,4,145009.46242097623
case,137,774,391,103,4_4,4,4,89080.81380043137
control,168,775,395,11,4_5,4,5,106828.47585844048
case,168,776,396,12,4_5,4,5,157162.9004760166
control,557,777,397,13,4_5,4,5,79512.46176425552
case,557,778,398,14,4_5,4,5,109606.55988712562
case,450,779,399,15,4_5,4,5,283959.8746463172
control,450,780,400,16,4_5,4,5,161134.31022739527
control,70,781,401,17,4_5,4,5,53699.657521208435
case,70,783,403,19,4_5,4,5,82535.19115750199
case,669,785,406,22,4_5,4,5,111914.38115948734
control,669,786,407,23,4_5,4,5,49948.42859793495
case,586,787,408,24,4_5,4,5,73061.97898532222
control,586,788,409,25,4_5,4,5,68182.66310323823
case,248,790,411,27,4_5,4,5,118476.31349338748
control,248,791,412,28,4_5,4,5,83021.76360479616
case,105,793,414,30,4_5,4,5,76856.70041785104
control,105,794,415,31,4_5,4,5,59867.43898998201
control,271,795,417,33,4_5,4,5,48290.276682574935
case,271,797,419,35,4_5,4,5,116168.49222102576
control,291,799,421,37,4_5,4,5,92598.27048645738
case,291,800,422,38,4_5,4,5,98763.33367340248
control,11,801,423,39,4_5,4,5,45542.09375400284
case,11,802,424,40,4_5,4,5,99494.55148525797
case,396,803,425,41,4_5,4,5,52095.8712424176
control,396,804,426,42,4_5,4,5,68538.75802276636
case,558,805,427,43,4_5,4,5,105156.73253393816
control,558,806,429,45,4_5,4,5,102857.0661070618
control,549,807,430,46,4_5,4,5,127318.88428136476
case,549,808,431,47,4_5,4,5,297222.3716873689
case,275,809,432,48,4_5,4,5,133818.29613321033
control,275,811,434,50,4_5,4,5,110479.12835406096
control,19,813,436,52,4_5,4,5,93612.1896084726
case,19,814,437,53,4_5,4,5,149013.4915542964
case,684,815,438,54,4_5,4,5,104580.45678630484
control,684,816,439,55,4_5,4,5,91568.0416734714
case,306,817,443,59,4_5,4,5,46330.39548425596
control,306,818,444,60,4_5,4,5,95240.44042371956
case,756,819,445,61,4_5,4,5,89387.97964704724
control,756,820,446,62,4_5,4,5,76318.48061581615
case,310,821,447,63,4_5,4,5,57904.83950983458
control,310,822,448,64,4_5,4,5,75502.99606727844
control,408,823,449,65,4_5,4,5,175274.8122990392
case,408,824,450,66,4_5,4,5,128911.79743284176
control,218,825,451,67,4_5,4,5,94851.72612224992
case,218,826,453,69,4_5,4,5,106102.6946102419
case,190,827,454,70,4_5,4,5,69386.86195324558
control,190,828,455,71,4_5,4,5,73214.20276771592
case,118,829,456,72,4_5,4,5,80126.79345748728
control,118,830,457,73,4_5,4,5,65921.0526219603
case,433,831,458,74,4_5,4,5,89597.28734783859
control,433,832,459,75,4_5,4,5,136479.49404327173
control,671,833,460,76,4_5,4,5,105877.0772184798
case,671,834,461,77,4_5,4,5,111561.00452178768
control,691,835,462,78,4_5,4,5,109766.9385150047
case,691,836,463,79,4_5,4,5,131798.61273466525
case,462,837,465,81,4_5,4,5,181331.14421284595
control,462,838,466,82,4_5,4,5,455192.6018664379
control,393,839,467,83,4_5,4,5,113072.3692184109
case,393,840,468,84,4_5,4,5,103175.10508099152
control,582,841,469,85,4_5,4,5,90442.67299648936
case,582,842,470,86,4_5,4,5,119718.56828899328
control,20,843,471,87,4_5,4,5,84035.68272681138
case,20,844,472,88,4_5,4,5,52889.60953632764
case,708,845,473,89,4_5,4,5,77639.56558444725
control,708,846,474,90,4_5,4,5,62330.2023265659
case,371,847,475,91,4_5,4,5,139143.4102351616
control,371,848,477,93,4_5,4,5,155589.01529733883
case,122,849,478,94,4_5,4,5,93340.36142562667
control,122,850,479,95,4_5,4,5,147037.30066500665
control,561,851,480,96,4_5,4,5,93220.75702517448
case,561,852,481,97,4_5,4,5,67706.96378325789
control,445,853,482,98,4_5,4,5,99820.74530467304
case,445,854,483,99,4_5,4,5,77085.0360914416
control,470,855,484,100,4_5,4,5,106477.81750256926
case,470,856,485,101,4_5,4,5,55548.08916456059
control,453,857,486,102,4_5,4,5,50171.32770786859
case,453,858,487,103,4_5,4,5,44530.892913816075
control,587,859,3,3,1_1,1,1,154102.11513717173
case,587,860,4,4,1_1,1,1,98567.61738175344
control,66,861,5,5,1_1,1,1,238037.22143633012
case,66,863,7,7,1_1,1,1,146792.65530044536
case,231,865,9,9,1_1,1,1,160076.8985961247
control,231,867,11,11,1_1,1,1,266103.4813151698
case,384,869,14,14,1_1,1,1,111272.866647971
control,384,870,15,15,1_1,1,1,283000.3211608712
control,603,871,16,16,1_1,1,1,186142.5030492185
case,603,872,17,17,1_1,1,1,151016.8652618707
control,715,873,18,18,1_1,1,1,175456.93718154597
case,715,874,19,19,1_1,1,1,179202.72954116255
case,661,875,20,20,1_1,1,1,203550.3798786702
control,661,876,21,21,1_1,1,1,339333.99377385643
control,131,877,22,22,1_1,1,1,91350.57912719468
case,131,879,24,24,1_1,1,1,328401.06425979413
control,345,881,27,27,1_1,1,1,196868.84314431789
case,345,882,28,28,1_1,1,1,166848.1386308162
control,540,883,29,29,1_1,1,1,142527.6711115931
case,540,884,30,30,1_1,1,1,167168.89588657435
case,618,885,31,31,1_1,1,1,143082.20060459877
control,618,886,32,32,1_1,1,1,81086.34694293332
case,150,887,33,33,1_1,1,1,175813.03210107412
control,150,888,34,34,1_1,1,1,94617.95388500244
case,35,889,35,35,1_1,1,1,113091.39719121013
control,35,891,37,37,1_1,1,1,94721.24859448388
case,326,893,40,40,1_1,1,1,214184.298391602
control,326,894,41,41,1_1,1,1,176231.64750265682
control,204,895,42,42,1_1,1,1,65888.4332400188
case,204,896,43,43,1_1,1,1,124907.7682995216
case,162,897,44,44,1_1,1,1,130056.194082623
control,162,898,45,45,1_1,1,1,150204.09899516145
case,219,899,46,46,1_1,1,1,241630.79001355296
control,219,900,47,47,1_1,1,1,338034.655059853
control,446,901,48,48,1_1,1,1,158277.3960256848
case,446,902,49,49,1_1,1,1,105901.54175493594
control,333,903,50,50,1_1,1,1,231051.2371371904
case,333,904,54,54,1_1,1,1,102669.50466089814
case,415,905,55,55,1_1,1,1,294974.3526152333
control,415,906,56,56,1_1,1,1,143218.11469602172
control,332,907,57,57,1_1,1,1,77745.57857575714
case,332,908,58,58,1_1,1,1,141372.40133449802
control,550,909,59,59,1_1,1,1,97164.98395826857
case,550,910,60,60,1_1,1,1,77416.66647451361
case,88,911,61,61,1_1,1,1,140497.1145857342
control,88,912,62,62,1_1,1,1,124532.64540719424
control,451,913,63,63,1_1,1,1,178003.9672548121
case,451,914,64,64,1_1,1,1,293530.9449643215
case,97,915,66,66,1_1,1,1,180135.100208324
control,97,916,67,67,1_1,1,1,96732.77714754356
control,477,917,68,68,1_1,1,1,558644.9716939322
case,477,918,69,69,1_1,1,1,142644.55723021686
case,358,919,70,70,1_1,1,1,197480.4565557212
control,358,920,71,71,1_1,1,1,133418.70870442686
case,80,923,74,74,1_1,1,1,90029.49415856357
control,80,924,75,75,1_1,1,1,122559.17279973296
case,196,925,76,76,1_1,1,1,173475.30972859933
control,196,926,77,77,1_1,1,1,262991.04862158414
control,664,927,79,79,1_1,1,1,350794.2699626398
case,664,928,80,80,1_1,1,1,125030.09098180223
case,622,929,81,81,1_1,1,1,89515.73889298481
control,622,930,82,82,1_1,1,1,92160.62711207548
case,38,931,83,83,1_1,1,1,219566.4964119509
control,38,932,84,84,1_1,1,1,135712.93856764628
control,164,933,85,85,1_1,1,1,177533.7044984887
case,164,934,86,86,1_1,1,1,45126.196634248605
case,711,935,87,87,1_1,1,1,249975.91522692225
control,711,936,88,88,1_1,1,1,112395.5170431246
control,50,937,89,89,1_1,1,1,150127.9871039646
case,50,938,90,90,1_1,1,1,108285.47491849452
case,675,939,92,92,1_1,1,1,112694.52804425509
control,675,940,93,93,1_1,1,1,99016.13388344918
case,471,941,94,94,1_1,1,1,112504.24831626297
control,471,942,95,95,1_1,1,1,124103.1568782977
control,512,943,96,96,1_1,1,1,209079.36511775592
case,512,944,97,97,1_1,1,1,329276.35100855795
case,744,945,98,98,1_1,1,1,218609.66120833333
control,744,946,99,99,1_1,1,1,361118.3043471272
control,665,947,100,100,1_1,1,1,111683.32720406832
case,665,948,101,101,1_1,1,1,80376.8753857055
case,141,949,105,9,1_2,1,2,127530.91026398457
control,141,950,106,10,1_2,1,2,102327.0011505123
control,666,951,107,11,1_2,1,2,153137.12508806877
case,666,952,108,12,1_2,1,2,94446.70212980952
case,292,953,109,13,1_2,1,2,185911.44909379949
control,292,954,110,14,1_2,1,2,89360.79682876264
control,405,955,111,15,1_2,1,2,102403.11304170916
case,405,956,112,16,1_2,1,2,93185.41936140452
case,280,957,113,17,1_2,1,2,113488.26633816514
control,280,958,114,18,1_2,1,2,225057.4257054382
case,604,959,116,20,1_2,1,2,116244.6041122226
control,604,960,117,21,1_2,1,2,199848.080028309
case,662,961,118,22,1_2,1,2,120574.82706495786
control,662,962,119,23,1_2,1,2,96167.37452722408
case,440,963,120,24,1_2,1,2,205200.37694854484
control,440,964,121,25,1_2,1,2,217163.5352755931
case,721,965,122,26,1_2,1,2,199320.73335358792
control,721,966,123,27,1_2,1,2,167429.85094210642
case,92,967,124,28,1_2,1,2,333380.9565695311
control,92,968,125,29,1_2,1,2,175190.545562357
control,340,969,126,30,1_2,1,2,149423.9521103937
case,340,970,127,31,1_2,1,2,103118.02116259388
case,328,971,129,33,1_2,1,2,134998.03044676155
control,328,972,130,34,1_2,1,2,89912.60803993983
control,348,973,131,35,1_2,1,2,330725.1952231266
case,348,974,132,36,1_2,1,2,192470.66314587113
case,602,975,133,37,1_2,1,2,200220.4846388079
control,602,976,134,38,1_2,1,2,111743.12940429442
case,198,978,136,40,1_2,1,2,175984.28385626705
control,198,980,138,42,1_2,1,2,143981.9518898187
control,173,981,139,43,1_2,1,2,172776.71129868538
case,173,982,140,44,1_2,1,2,363741.4463115902
case,182,983,142,46,1_2,1,2,271868.9570733314
control,182,984,143,47,1_2,1,2,122518.39857230608
control,747,985,144,48,1_2,1,2,82747.2171401218
case,747,986,145,49,1_2,1,2,80398.62164033318
case,398,987,146,50,1_2,1,2,126451.75237808633
control,398,988,147,51,1_2,1,2,253490.6536311198
control,61,990,149,53,1_2,1,2,139230.3952536723
case,61,992,151,55,1_2,1,2,185933.1953484271
case,594,993,152,56,1_2,1,2,186112.60194910545
control,594,994,156,60,1_2,1,2,231782.45494904584
control,596,995,157,61,1_2,1,2,169498.46341356376
case,596,996,158,62,1_2,1,2,67505.81092795193
case,205,997,159,63,1_2,1,2,90695.47320653604
control,205,998,160,64,1_2,1,2,111471.30122144852
case,653,999,161,65,1_2,1,2,155885.30801664086
control,653,1000,162,66,1_2,1,2,64697.82579915373
case,626,1001,163,67,1_2,1,2,46838.71418617781
control,626,1002,164,68,1_2,1,2,175149.77133493012
control,83,1003,165,69,1_2,1,2,157869.65375141596
case,83,1005,168,72,1_2,1,2,72798.3056479617
control,37,1007,170,74,1_2,1,2,179104.87139533804
case,37,1008,171,75,1_2,1,2,146384.9130261765
case,188,1009,172,76,1_2,1,2,365366.9788450087
control,188,1010,173,77,1_2,1,2,242557.7241170575
case,2,1011,174,78,1_2,1,2,91241.84785405632
control,2,1013,176,80,1_2,1,2,512703.2905111459
case,4,1015,178,82,1_2,1,2,91440.28242753382
control,4,1017,181,85,1_2,1,2,248312.32674790532
case,313,1019,183,87,1_2,1,2,89023.72988203373
control,313,1020,184,88,1_2,1,2,186275.69885881295
control,436,1021,185,89,1_2,1,2,259867.7428006847
case,436,1022,186,90,1_2,1,2,157336.87051303798
control,705,1023,187,91,1_2,1,2,256980.9274988612
case,705,1024,188,92,1_2,1,2,94569.02481209018
control,571,1025,189,93,1_2,1,2,265706.61216821475
case,571,1026,190,94,1_2,1,2,156409.93640953346
case,391,1027,191,95,1_2,1,2,86183.12537129402
control,391,1028,192,96,1_2,1,2,131646.38895227155
case,509,1029,194,98,1_2,1,2,190040.51919122876
control,509,1030,195,99,1_2,1,2,139214.08556270154
case,39,1031,196,100,1_2,1,2,147156.90506545888
control,39,1032,197,101,1_2,1,2,220854.9619986405
control,282,1033,201,9,1_3,1,3,180860.88145652256
case,282,1034,202,10,1_3,1,3,117413.46529846
control,681,1035,203,11,1_3,1,3,282519.18527723395
case,681,1036,204,12,1_3,1,3,86068.95753449874
control,102,1037,205,13,1_3,1,3,178430.73750188018
case,102,1038,206,14,1_3,1,3,156225.09324519825
control,224,1039,207,15,1_3,1,3,230257.4988432803
case,224,1040,208,16,1_3,1,3,116290.8149033064
control,568,1041,209,17,1_3,1,3,92818.45131456255
case,568,1042,210,18,1_3,1,3,356619.5479210275
control,454,1043,212,20,1_3,1,3,1120636.1483186977
case,454,1044,213,21,1_3,1,3,131450.6726606225
control,25,1045,214,22,1_3,1,3,91853.4612654596
case,25,1046,215,23,1_3,1,3,116337.0256943902
case,400,1047,216,24,1_3,1,3,81121.68460670329
control,400,1048,217,25,1_3,1,3,132100.3420176242
case,532,1049,218,26,1_3,1,3,86454.95355413992
control,532,1050,219,27,1_3,1,3,51405.427657989
control,226,1051,220,28,1_3,1,3,591870.5304831871
case,226,1052,221,29,1_3,1,3,134201.57387102305
control,560,1053,222,30,1_3,1,3,357551.91858818894
case,560,1054,223,31,1_3,1,3,247398.98405354307
control,130,1055,225,33,1_3,1,3,219368.0618384734
case,130,1056,226,34,1_3,1,3,103677.98721925644
control,303,1057,227,35,1_3,1,3,84707.09833844076
case,303,1058,228,36,1_3,1,3,84568.46596518935
control,520,1059,229,37,1_3,1,3,163694.9317098037
case,520,1060,230,38,1_3,1,3,100628.0750077254
case,588,1061,231,39,1_3,1,3,135321.5059843482
control,588,1062,232,40,1_3,1,3,103686.1420647418
case,554,1063,233,41,1_3,1,3,181333.86249467445
control,554,1064,234,42,1_3,1,3,115429.11956368489
case,556,1065,235,43,1_3,1,3,225989.79637259964
control,556,1066,236,44,1_3,1,3,144770.25362007183
case,257,1068,239,47,1_3,1,3,144946.94193892166
control,257,1069,240,48,1_3,1,3,63817.102486733005
control,589,1071,242,50,1_3,1,3,66880.60610740635
case,589,1072,243,51,1_3,1,3,448747.5556511614
case,23,1073,244,52,1_3,1,3,100595.45562578388
control,23,1074,245,53,1_3,1,3,140472.65004927808
case,343,1075,246,54,1_3,1,3,117160.6650884133
control,343,1076,249,57,1_3,1,3,235340.6858624987
case,741,1077,251,59,1_3,1,3,64572.784835044615
control,741,1078,252,60,1_3,1,3,123874.82120470714
control,89,1081,255,63,1_3,1,3,316176.95087721385
case,89,1082,256,64,1_3,1,3,440136.0388186032
control,277,1083,257,65,1_3,1,3,79395.57564563179
case,277,1084,258,66,1_3,1,3,114445.10154178271
control,258,1085,259,67,1_3,1,3,84601.08534713087
case,258,1087,261,69,1_3,1,3,91720.2654558651
case,485,1089,264,72,1_3,1,3,110381.27020823644
control,485,1090,265,73,1_3,1,3,221488.32166467144
case,55,1091,266,74,1_3,1,3,136827.4341173145
case,576,1092,267,75,1_3,1,3,145142.65823057073
control,576,1093,268,76,1_3,1,3,99391.25677577652
control,185,1094,269,77,1_3,1,3,79286.84437249343
case,185,1095,270,78,1_3,1,3,61289.10038626609
control,287,1096,271,79,1_3,1,3,86832.79472829573
case,287,1097,272,80,1_3,1,3,61232.01646786845
case,541,1098,273,81,1_3,1,3,477251.458904383
control,541,1099,274,82,1_3,1,3,132619.53384685988
case,79,1101,277,85,1_3,1,3,224405.038066608
control,79,1103,279,87,1_3,1,3,187740.8527643524
case,262,1104,280,88,1_3,1,3,197657.144874571
control,262,1107,283,91,1_3,1,3,174478.35572330072
case,321,1108,284,92,1_3,1,3,267671.9299301906
control,321,1109,285,93,1_3,1,3,130602.56873014328
control,212,1110,286,94,1_3,1,3,119840.89097127393
case,212,1111,287,95,1_3,1,3,196925.92706271552
control,417,1112,288,96,1_3,1,3,243846.1897037471
case,417,1113,290,98,1_3,1,3,138192.01159520092
control,157,1114,291,99,1_3,1,3,151302.2848538589
control,294,1115,292,100,1_3,1,3,109155.3251036014
case,294,1116,293,101,1_3,1,3,155700.46485230565
case,341,1117,294,102,1_3,1,3,133432.30011356916
control,341,1118,295,103,1_3,1,3,121580.59134148771
control,115,1119,299,11,1_4,1,4,417234.5144138358
case,115,1120,300,12,1_4,1,4,131200.59073240426
control,314,1121,301,13,1_4,1,4,103378.97621812594
case,314,1122,302,14,1_4,1,4,839019.432608512
case,274,1124,304,16,1_4,1,4,103085.40178065236
control,274,1126,306,18,1_4,1,4,190657.56916628897
control,504,1127,307,19,1_4,1,4,147257.48149311185
case,504,1128,309,21,1_4,1,4,307084.29816101835
control,49,1129,310,22,1_4,1,4,157461.9114771471
case,49,1130,311,23,1_4,1,4,150658.0520605141
control,533,1131,312,24,1_4,1,4,51549.49659489733
case,533,1132,313,25,1_4,1,4,107809.77559851418
case,617,1133,314,26,1_4,1,4,124926.7962723208
control,617,1134,315,27,1_4,1,4,749552.6227884394
case,545,1135,316,28,1_4,1,4,67397.07965481357
control,545,1136,317,29,1_4,1,4,119424.99385151968
case,519,1137,318,30,1_4,1,4,336191.6599801578
control,519,1138,319,31,1_4,1,4,185903.29424831408
control,160,1139,321,33,1_4,1,4,283620.08941775985
case,160,1140,322,34,1_4,1,4,203922.7844891691
control,357,1141,323,35,1_4,1,4,202762.0781484171
case,357,1142,324,36,1_4,1,4,120351.92795502422
case,683,1143,325,37,1_4,1,4,176209.90124802914
control,683,1144,326,38,1_4,1,4,117375.40935286156
case,286,1145,327,39,1_4,1,4,493735.11991215864
control,286,1146,328,40,1_4,1,4,114089.0066222546
case,498,1147,329,41,1_4,1,4,65238.76388301708
control,498,1148,330,42,1_4,1,4,294528.554395366
control,366,1149,331,43,1_4,1,4,120553.0808103302
case,366,1150,333,45,1_4,1,4,121115.7651488212
control,232,1151,334,46,1_4,1,4,199244.62146239108
case,232,1152,335,47,1_4,1,4,521657.31085409
control,403,1153,336,48,1_4,1,4,94318.94288387196
case,403,1154,337,49,1_4,1,4,91037.97671692188
case,197,1155,338,50,1_4,1,4,104164.5596665506
control,197,1156,339,51,1_4,1,4,171898.70626809308
control,356,1157,340,52,1_4,1,4,105839.02127288138
case,356,1158,341,53,1_4,1,4,353523.42491841264
control,475,1159,342,54,1_4,1,4,171982.97300477533
case,475,1160,343,55,1_4,1,4,169270.1277399732
case,621,1161,347,59,1_4,1,4,141945.95880030288
control,621,1162,348,60,1_4,1,4,176030.49464735083
control,419,1163,349,61,1_4,1,4,201261.5865791077
case,419,1164,350,62,1_4,1,4,78615.42876086404
control,170,1165,351,63,1_4,1,4,127631.48669163756
case,170,1166,352,64,1_4,1,4,90529.65801500004
case,359,1167,353,65,1_4,1,4,79868.55668378367
control,359,1168,354,66,1_4,1,4,136343.57995184878
control,85,1169,355,67,1_4,1,4,100619.92016224
case,85,1172,359,71,1_4,1,4,139135.25538967623
case,108,1173,360,72,1_4,1,4,91356.0156908516
control,108,1174,361,73,1_4,1,4,99225.44158424051
control,649,1175,362,74,1_4,1,4,157834.316087646
case,649,1176,363,75,1_4,1,4,221564.4335558683
case,368,1177,364,76,1_4,1,4,116209.26644845265
control,368,1178,365,77,1_4,1,4,135172.00048378293
control,322,1179,366,78,1_4,1,4,108288.19320032296
case,322,1180,367,79,1_4,1,4,145993.48044287838
control,552,1181,369,81,1_4,1,4,294256.7262125201
case,552,1182,370,82,1_4,1,4,54134.582613761886
control,82,1183,371,83,1_4,1,4,140861.36435074772
case,82,1185,373,85,1_4,1,4,181855.77260573857
case,72,1187,375,87,1_4,1,4,126742.60853373144
control,72,1190,378,90,1_4,1,4,101337.5465649532
case,674,1191,379,91,1_4,1,4,141184.83988833433
control,674,1192,381,93,1_4,1,4,186523.06250520275
control,311,1193,382,94,1_4,1,4,208413.38606978345
case,311,1194,383,95,1_4,1,4,142304.77200165947
control,209,1196,385,97,1_4,1,4,241364.398394364
case,209,1197,386,98,1_4,1,4,137865.81777578584
case,342,1199,388,100,1_4,1,4,111327.2322845402
control,342,1200,389,101,1_4,1,4,104028.64557512764
control,29,1201,390,102,1_4,1,4,114137.93569516685
case,29,1202,391,103,1_4,1,4,142598.34643913305
control,103,1203,395,11,1_5,1,5,109976.24621579604
case,103,1204,396,12,1_5,1,5,158388.84558065163
control,28,1205,397,13,1_5,1,5,206282.25311627155
case,28,1206,398,14,1_5,1,5,104827.8204326946
case,184,1207,399,15,1_5,1,5,100160.53053323044
control,184,1208,400,16,1_5,1,5,152381.44273975716
case,697,1209,401,17,1_5,1,5,153868.34289992426
control,697,1210,402,18,1_5,1,5,326734.7574989488
control,220,1213,406,22,1_5,1,5,245085.7262175244
case,220,1214,407,23,1_5,1,5,187224.3792169452
case,497,1215,408,24,1_5,1,5,129316.82142528216
control,497,1216,409,25,1_5,1,5,410427.9367153743
case,361,1217,410,26,1_5,1,5,167136.27650463284
control,361,1218,411,27,1_5,1,5,202272.78741929447
control,658,1219,412,28,1_5,1,5,113651.36324787268
case,658,1220,413,29,1_5,1,5,142060.12663709815
case,434,1221,414,30,1_5,1,5,95221.41245092035
control,434,1222,415,31,1_5,1,5,100815.63645388906
control,605,1223,417,33,1_5,1,5,121047.80810310974
case,605,1224,418,34,1_5,1,5,148657.39663476826
control,78,1226,420,36,1_5,1,5,257345.1772638747
case,78,1227,421,37,1_5,1,5,131594.74159753084
case,542,1229,423,39,1_5,1,5,393664.29267926735
control,542,1230,424,40,1_5,1,5,388496.83892336674
case,148,1231,425,41,1_5,1,5,100606.32875309772
control,148,1232,426,42,1_5,1,5,104096.60262083913
control,418,1233,427,43,1_5,1,5,63895.93265975831
case,418,1234,429,45,1_5,1,5,325796.9502681304
control,117,1235,430,46,1_5,1,5,146406.65928080416
case,117,1236,431,47,1_5,1,5,462950.57820486
control,742,1237,432,48,1_5,1,5,177873.48972704608
case,742,1238,433,49,1_5,1,5,131428.92640599483
control,718,1239,434,50,1_5,1,5,301509.1021308488
case,718,1240,435,51,1_5,1,5,161313.71682807358
control,457,1241,436,52,1_5,1,5,80322.50974913633
case,457,1242,437,53,1_5,1,5,193457.39944960177
case,673,1243,438,54,1_5,1,5,200209.6115114941
control,673,1244,439,55,1_5,1,5,175443.3457724037
control,41,1245,443,59,1_5,1,5,232981.2172353963
case,41,1246,444,60,1_5,1,5,412461.2115230617
case,590,1247,445,61,1_5,1,5,803708.951656829
control,590,1248,446,62,1_5,1,5,156135.38994485908
case,281,1249,447,63,1_5,1,5,409960.39224087936
control,281,1250,448,64,1_5,1,5,247018.4245975588
case,318,1251,449,65,1_5,1,5,194976.9189917104
control,318,1252,450,66,1_5,1,5,171292.52942034672
control,495,1253,451,67,1_5,1,5,396445.094989781
case,495,1254,453,69,1_5,1,5,329360.6177452402
case,499,1255,454,70,1_5,1,5,174418.55352307463
control,499,1256,455,71,1_5,1,5,508468.2074224067
case,476,1257,456,72,1_5,1,5,210185.70582193875
control,476,1258,457,73,1_5,1,5,171257.19175657677
control,334,1259,458,74,1_5,1,5,281722.72870149545
case,334,1260,459,75,1_5,1,5,211544.84673616823
control,128,1261,460,76,1_5,1,5,735417.5572804523
case,128,1262,461,77,1_5,1,5,235998.51006498584
control,175,1263,462,78,1_5,1,5,356657.6038666259
case,175,1264,463,79,1_5,1,5,98727.99600963252
case,346,1265,465,81,1_5,1,5,181679.0842868887
control,346,1266,466,82,1_5,1,5,260275.48507495355
case,625,1267,467,83,1_5,1,5,218142.11673383837
control,625,1268,468,84,1_5,1,5,166532.81793871493
control,273,1269,469,85,1_5,1,5,354080.67269324674
case,273,1271,471,87,1_5,1,5,210218.32520388023
case,253,1273,473,89,1_5,1,5,176900.34483245775
control,253,1274,474,90,1_5,1,5,232421.25117873377
control,656,1277,478,94,1_5,1,5,214170.7069824597
case,656,1278,479,95,1_5,1,5,171099.53141052614
case,663,1279,480,96,1_5,1,5,283910.94557340496
control,663,1280,481,97,1_5,1,5,265896.8918962069
control,373,1281,482,98,1_5,1,5,214230.5091826858
case,373,1282,483,99,1_5,1,5,274464.9162195098
control,24,1284,485,101,1_5,1,5,254382.25007085435
case,24,1286,487,103,1_5,1,5,155550.9593517404
case,153,1287,3,3,2_1,2,1,279053.37594594865
control,153,1288,4,4,2_1,2,1,296798.3197221293
control,12,1289,5,5,2_1,2,1,317617.6402462971
case,12,1290,6,6,2_1,2,1,279110.4598643463
case,694,1291,7,7,2_1,2,1,128536.6745405144
control,694,1292,8,8,2_1,2,1,159367.4270388969
control,233,1294,10,10,2_1,2,1,150717.85426074022
case,233,1295,11,11,2_1,2,1,121113.04686699276
control,559,1297,14,14,2_1,2,1,102017.11702206796
case,559,1298,15,15,2_1,2,1,205890.82053297345
case,319,1299,16,16,2_1,2,1,190904.93281267871
control,319,1300,17,17,2_1,2,1,151318.59454482966
control,420,1301,18,18,2_1,2,1,98616.5464546657
case,420,1302,19,19,2_1,2,1,74124.8271802497
case,701,1303,20,20,2_1,2,1,121874.16577896128
control,701,1304,21,21,2_1,2,1,218965.75612786144
case,192,1305,22,22,2_1,2,1,151150.0610714652
control,192,1306,23,23,2_1,2,1,319705.28069055366
control,187,1307,25,25,2_1,2,1,166761.1536123055
case,187,1310,28,28,2_1,2,1,110025.17528870831
case,407,1311,29,29,2_1,2,1,105977.6536461328
control,407,1312,30,30,2_1,2,1,113621.46214775962
case,302,1313,31,31,2_1,2,1,114972.44821650378
control,302,1314,32,32,2_1,2,1,117125.32742464331
case,390,1315,33,33,2_1,2,1,396961.56853718817
control,390,1316,34,34,2_1,2,1,65725.33633031126
case,240,1319,38,38,2_1,2,1,1154247.7031275935
control,240,1320,39,39,2_1,2,1,56877.32897867706
control,478,1321,40,40,2_1,2,1,35848.70075371789
case,478,1322,41,41,2_1,2,1,190747.2724666281
control,569,1323,42,42,2_1,2,1,68625.74304127705
case,569,1324,43,43,2_1,2,1,173891.20684835358
control,147,1325,44,44,2_1,2,1,46528.830057733474
case,147,1326,45,45,2_1,2,1,95697.11177090068
case,140,1327,46,46,2_1,2,1,281035.0033988953
control,140,1328,47,47,2_1,2,1,128096.31288430405
control,539,1329,51,51,2_1,2,1,103561.1011006327
case,539,1330,52,52,2_1,2,1,2642.169937262192
case,95,1331,53,53,2_1,2,1,188232.8617753035
control,95,1332,54,54,2_1,2,1,163847.1554921974
case,555,1333,55,55,2_1,2,1,130083.3769009076
control,555,1334,56,56,2_1,2,1,157097.6617121336
control,430,1335,57,57,2_1,2,1,50369.762281346106
case,430,1336,58,58,2_1,2,1,105482.92635335324
control,660,1337,59,59,2_1,2,1,58394.13023895721
case,660,1338,61,61,2_1,2,1,110799.88560981912
control,481,1339,62,62,2_1,2,1,97719.5134512742
case,481,1340,63,63,2_1,2,1,140355.76393065433
case,5,1341,64,64,2_1,2,1,112194.36418781865
control,5,1343,66,66,2_1,2,1,109571.22222335564
control,247,1345,68,68,2_1,2,1,94259.14068364583
case,247,1348,71,71,2_1,2,1,167889.240571116
control,352,1349,73,73,2_1,2,1,111172.29022031804
case,352,1350,74,74,2_1,2,1,93068.5332427808
case,575,1351,75,75,2_1,2,1,59818.50991706974
control,575,1352,76,76,2_1,2,1,83402.32306078041
case,161,1353,77,77,2_1,2,1,148711.76227133744
control,161,1354,78,78,2_1,2,1,125005.6264453461
control,682,1355,79,79,2_1,2,1,101492.48862917536
case,682,1356,80,80,2_1,2,1,33095.08126148887
case,300,1357,81,81,2_1,2,1,79474.4058186571
control,300,1358,82,82,2_1,2,1,54218.849350444114
case,461,1359,83,83,2_1,2,1,161792.13442988237
control,461,1360,85,85,2_1,2,1,132624.9704105168
control,523,1361,86,86,2_1,2,1,105393.2230530141
case,523,1362,87,87,2_1,2,1,78022.84332225997
control,727,1363,88,88,2_1,2,1,98249.57840782372
case,727,1364,89,89,2_1,2,1,41834.3573399847
control,283,1365,90,90,2_1,2,1,168941.21563872966
case,283,1366,91,91,2_1,2,1,357554.6368700174
case,505,1367,92,92,2_1,2,1,123192.53246576391
control,505,1368,93,93,2_1,2,1,54267.77842335638
control,14,1369,94,94,2_1,2,1,68405.56221317187
case,14,1370,95,95,2_1,2,1,63344.12144858113
case,152,1371,99,3,2_2,2,2,252517.50873653145
control,152,1372,100,4,2_2,2,2,106820.3210129551
control,53,1373,101,5,2_2,2,2,178430.73750188018
case,53,1374,102,6,2_2,2,2,70895.50836804036
control,155,1375,103,7,2_2,2,2,34870.11929547263
case,155,1376,104,8,2_2,2,2,73814.94305180537
case,270,1378,106,10,2_2,2,2,25799.212833904796
control,270,1379,107,11,2_2,2,2,59522.21719776771
case,667,1381,110,14,2_2,2,2,50538.29575471057
control,667,1382,111,15,2_2,2,2,65499.71893854915
control,304,1383,112,16,2_2,2,2,26103.66039869221
case,304,1384,113,17,2_2,2,2,34511.30609411604
control,624,1385,114,18,2_2,2,2,28498.46668956463
case,624,1386,115,19,2_2,2,2,37629.175351358565
control,613,1387,116,20,2_2,2,2,48203.29166406424
case,613,1388,117,21,2_2,2,2,69210.17363439575
control,584,1389,118,22,2_2,2,2,29596.65254826208
case,584,1390,119,23,2_2,2,2,29226.966219591653
control,290,1391,120,24,2_2,2,2,56445.12216795207
case,290,1392,121,25,2_2,2,2,42291.028687165825
control,413,1393,123,27,2_2,2,2,22662.31560386306
case,413,1394,124,28,2_2,2,2,43236.99076346957
case,259,1395,125,29,2_2,2,2,29841.297912823396
control,259,1398,128,32,2_2,2,2,67557.45828269265
case,657,1399,129,33,2_2,2,2,44688.5532598667
control,657,1400,130,34,2_2,2,2,44916.88893345726
case,720,1401,131,35,2_2,2,2,60913.97749393874
control,720,1402,132,36,2_2,2,2,25179.444577016136
control,507,1403,133,37,2_2,2,2,49440.10989601311
case,507,1404,134,38,2_2,2,2,25364.28774135135
case,154,1405,136,40,2_2,2,2,19169.323454293182
control,154,1406,137,41,2_2,2,2,26560.33174587333
case,431,1407,138,42,2_2,2,2,32415.510804374113
control,431,1408,139,43,2_2,2,2,28849.125045435845
control,360,1409,140,44,2_2,2,2,16184.650006645155
case,360,1410,141,45,2_2,2,2,31170.53772693987
control,399,1411,142,46,2_2,2,2,47213.83707850515
case,399,1412,143,47,2_2,2,2,25157.698322388464
control,312,1413,144,48,2_2,2,2,29398.217974784573
case,312,1414,147,51,2_2,2,2,62419.90562690505
case,238,1415,149,53,2_2,2,2,54477.086124147725
control,238,1417,151,55,2_2,2,2,20362.649176986703
control,591,1419,153,57,2_2,2,2,41111.2943736146
case,591,1420,154,58,2_2,2,2,23624.58737113756
control,726,1421,155,59,2_2,2,2,62496.01751810191
case,726,1422,156,60,2_2,2,2,40303.96467056226
control,171,1423,157,61,2_2,2,2,26946.32776551451
case,171,1424,158,62,2_2,2,2,26340.150917768147
control,135,1425,159,63,2_2,2,2,19030.691081041776
case,135,1426,160,64,2_2,2,2,33228.277071083365
case,263,1427,162,66,2_2,2,2,93718.2025997825
control,263,1430,165,69,2_2,2,2,38164.67687156499
case,652,1431,166,70,2_2,2,2,96887.71921176574
control,652,1432,167,71,2_2,2,2,22871.623304654404
case,566,1433,168,72,2_2,2,2,52332.361761493536
control,566,1434,169,73,2_2,2,2,51283.104975708346
case,717,1435,170,74,2_2,2,2,28335.369779857087
control,717,1436,171,75,2_2,2,2,28376.144007283972
case,325,1437,172,76,2_2,2,2,63159.27828424591
control,325,1438,173,77,2_2,2,2,52791.75139050312
case,151,1439,175,79,2_2,2,2,43294.07468186721
control,151,1440,176,80,2_2,2,2,34910.89352289952
case,243,1442,178,82,2_2,2,2,58516.45292123786
control,243,1443,179,83,2_2,2,2,35261.55187877073
case,728,1445,181,85,2_2,2,2,18413.641105981573
control,728,1446,182,86,2_2,2,2,13431.03051441614
case,134,1447,183,87,2_2,2,2,20582.830005091888
control,134,1448,184,88,2_2,2,2,21920.22466469374
control,706,1449,185,89,2_2,2,2,36400.51196489507
case,706,1450,186,90,2_2,2,2,19172.04173612165
control,500,1451,188,92,2_2,2,2,30026.141077158612
case,500,1452,189,93,2_2,2,2,32554.143177625523
case,183,1453,190,94,2_2,2,2,78547.47171515257
control,183,1454,191,95,2_2,2,2,18587.61114300295
control,284,1455,192,96,2_2,2,2,41307.010665263646
case,284,1456,193,97,2_2,2,2,43840.44932938748
case,748,1457,197,5,2_3,2,3,53185.90225562968
control,748,1458,198,6,2_3,2,3,28495.74840773617
case,174,1459,199,7,2_3,2,3,37395.40311411108
control,174,1460,200,8,2_3,2,3,47107.82408719525
case,211,1461,201,9,2_3,2,3,53580.05312075624
control,211,1462,202,10,2_3,2,3,30023.422795330152
control,350,1463,203,11,2_3,2,3,23814.867099129693
case,350,1464,204,12,2_3,2,3,39806.51909595426
control,655,1465,205,13,2_3,2,3,144492.988873569
case,655,1466,206,14,2_3,2,3,24154.652327687076
case,305,1467,208,16,2_3,2,3,41078.67499167309
control,305,1468,209,17,2_3,2,3,29218.811374106277
case,538,1469,210,18,2_3,2,3,24600.45054755436
control,538,1470,211,19,2_3,2,3,30047.887331786285
case,480,1471,212,20,2_3,2,3,24045.92105454871
control,480,1472,213,21,2_3,2,3,56393.47481321135
case,737,1473,214,22,2_3,2,3,47208.40051484824
control,737,1474,215,23,2_3,2,3,28732.238926812108
case,401,1475,216,24,2_3,2,3,26397.234836165782
control,401,1476,217,25,2_3,2,3,45808.48537319183
case,308,1477,218,26,2_3,2,3,62941.81573796919
control,308,1478,219,27,2_3,2,3,35669.29415303959
control,106,1479,221,29,2_3,2,3,142929.97682220506
case,106,1480,222,30,2_3,2,3,42247.53617791048
control,716,1481,223,31,2_3,2,3,46912.1077955462
case,716,1482,224,32,2_3,2,3,50092.497534843285
control,126,1483,225,33,2_3,2,3,43924.71606606971
case,126,1484,226,34,2_3,2,3,40187.078551938524
case,132,1486,228,36,2_3,2,3,40684.52412654653
control,132,1488,230,38,2_3,2,3,47803.70423528077
case,692,1489,231,39,2_3,2,3,38118.46608048119
control,692,1490,232,40,2_3,2,3,282679.563905113
control,133,1491,234,42,2_3,2,3,65434.48017466613
case,133,1492,235,43,2_3,2,3,20552.92890497884
control,309,1493,236,44,2_3,2,3,116353.33538536096
case,309,1494,237,45,2_3,2,3,44944.07175174185
case,597,1495,238,46,2_3,2,3,42144.241468429034
control,597,1496,239,47,2_3,2,3,29691.79241225815
control,537,1497,240,48,2_3,2,3,38893.17640159202
case,537,1498,241,49,2_3,2,3,83154.95941439064
case,13,1499,242,50,2_3,2,3,28789.322845209743
control,13,1502,248,56,2_3,2,3,36919.70379413075
control,51,1503,249,57,2_3,2,3,36791.944548193176
case,51,1504,250,58,2_3,2,3,31091.70755391456
control,593,1505,251,59,2_3,2,3,30458.3478878836
case,593,1506,252,60,2_3,2,3,41453.79788400043
control,579,1507,253,61,2_3,2,3,34209.57681115708
case,579,1508,254,62,2_3,2,3,32287.75155843654
control,515,1509,255,63,2_3,2,3,38776.29028296828
case,515,1510,256,64,2_3,2,3,62977.15340173915
control,255,1511,257,65,2_3,2,3,72415.02791014896
case,255,1514,261,69,2_3,2,3,41241.771901380635
control,71,1515,262,70,2_3,2,3,43139.132617645046
case,71,1516,263,71,2_3,2,3,50910.70036520946
case,265,1517,264,72,2_3,2,3,34478.68671217453
control,265,1518,265,73,2_3,2,3,30643.191052218815
case,344,1521,268,76,2_3,2,3,37468.79672347948
control,344,1522,269,77,2_3,2,3,42407.914805789565
case,487,1523,270,78,2_3,2,3,32864.02730606985
control,487,1524,271,79,2_3,2,3,25956.873179955423
control,429,1525,273,81,2_3,2,3,72458.5204194043
case,429,1526,274,82,2_3,2,3,136593.66188006703
control,416,1527,275,83,2_3,2,3,26813.13195592002
case,416,1528,276,84,2_3,2,3,28482.156998593873
case,75,1529,277,85,2_3,2,3,34571.108294342135
control,75,1531,279,87,2_3,2,3,43913.84293875587
case,203,1533,281,89,2_3,2,3,51699.00209546258
control,203,1534,282,90,2_3,2,3,65263.22841947321
control,687,1535,283,91,2_3,2,3,57026.83447924231
case,687,1536,284,92,2_3,2,3,60408.37707384536
control,293,1537,286,94,2_3,2,3,32565.01630493936
case,293,1538,287,95,2_3,2,3,39366.15743974389
case,459,1539,288,96,2_3,2,3,31559.25202840951
control,459,1540,289,97,2_3,2,3,88208.24533349602
case,18,1541,290,98,2_3,2,3,42168.70600488516
control,18,1542,291,99,2_3,2,3,46827.84105886397
control,336,1543,295,7,2_4,2,4,23358.195751948573
case,336,1544,296,8,2_4,2,4,21439.08878105649
control,84,1545,297,9,2_4,2,4,35829.67278091867
case,84,1548,300,12,2_4,2,4,41111.2943736146
control,469,1549,301,13,2_4,2,4,35962.868590513164
case,469,1550,302,14,2_4,2,4,114273.8497865898
control,488,1551,303,15,2_4,2,4,44634.18762329752
case,488,1552,304,16,2_4,2,4,30841.625625696324
control,98,1553,306,18,2_4,2,4,66168.41626835008
case,98,1555,308,20,2_4,2,4,45055.52130670867
case,636,1557,310,22,2_4,2,4,53400.64652007794
control,636,1558,311,23,2_4,2,4,33780.088282260556
case,101,1559,312,24,2_4,2,4,33698.539827406785
control,101,1560,313,25,2_4,2,4,15233.251366684488
control,372,1561,314,26,2_4,2,4,17187.696001346543
case,372,1562,315,27,2_4,2,4,22333.403502619516
control,494,1563,316,28,2_4,2,4,29072.024155369487
case,494,1564,317,29,2_4,2,4,26636.443637070184
control,250,1567,321,33,2_4,2,4,42429.66106041724
case,250,1568,322,34,2_4,2,4,35865.01044468864
control,17,1569,323,35,2_4,2,4,100307.31775196722
case,17,1570,324,36,2_4,2,4,47050.74016879761
control,644,1571,325,37,2_4,2,4,28737.675490469024
case,644,1572,326,38,2_4,2,4,42761.29144348924
control,465,1573,327,39,2_4,2,4,132344.98738218553
case,465,1574,328,40,2_4,2,4,65007.709927598065
control,338,1575,329,41,2_4,2,4,24815.19481200262
case,338,1576,330,42,2_4,2,4,44424.879922506174
case,100,1577,332,44,2_4,2,4,55170.24799040478
control,100,1578,333,45,2_4,2,4,81926.29602792716
case,256,1581,336,48,2_4,2,4,50636.15390053509
control,256,1582,337,49,2_4,2,4,43484.35440985934
case,670,1583,338,50,2_4,2,4,31860.98131136847
control,670,1584,339,51,2_4,2,4,54207.976223130274
control,324,1585,340,52,2_4,2,4,48013.011936072115
case,324,1586,341,53,2_4,2,4,44846.21360591733
control,592,1587,342,54,2_4,2,4,44865.24157871654
case,592,1588,346,58,2_4,2,4,46083.03183786619
case,746,1589,347,59,2_4,2,4,39061.70987495648
control,746,1590,348,60,2_4,2,4,31860.98131136847
case,733,1591,349,61,2_4,2,4,36688.64983871173
control,733,1592,350,62,2_4,2,4,20732.335505657134
case,180,1593,351,63,2_4,2,4,25932.40864349929
control,180,1594,352,64,2_4,2,4,26383.643427023493
control,739,1595,353,65,2_4,2,4,20610.01282337648
case,739,1596,354,66,2_4,2,4,30963.94830797698
control,349,1597,355,67,2_4,2,4,36253.72474615828
case,349,1598,356,68,2_4,2,4,123953.65137773246
control,129,1599,358,70,2_4,2,4,20710.589251029465
case,129,1600,359,71,2_4,2,4,14912.494110926322
control,503,1601,360,72,2_4,2,4,28821.942227151256
case,503,1602,361,73,2_4,2,4,54281.36983249867
control,121,1603,362,74,2_4,2,4,19063.31046298328
case,121,1604,363,75,2_4,2,4,30433.88335142747
control,427,1605,364,76,2_4,2,4,34285.68870235394
case,427,1606,365,77,2_4,2,4,39969.616005661795
control,735,1607,366,78,2_4,2,4,77596.0730751919
case,735,1608,367,79,2_4,2,4,30629.59964307652
case,414,1609,368,80,2_4,2,4,26071.0410167507
control,414,1610,369,81,2_4,2,4,54814.15307087664
control,21,1611,371,83,2_4,2,4,25168.5714497023
case,21,1612,372,84,2_4,2,4,19343.293491314565
case,425,1613,373,85,2_4,2,4,46947.44545931616
control,425,1614,374,86,2_4,2,4,29583.06113911979
case,136,1615,375,87,2_4,2,4,28226.63850671873
control,136,1616,376,88,2_4,2,4,18943.706062531084
control,685,1617,377,89,2_4,2,4,29477.048147809885
case,685,1618,378,90,2_4,2,4,30819.879371068655
control,387,1619,379,91,2_4,2,4,46382.04283899669
case,387,1620,380,92,2_4,2,4,22504.655257812436
control,22,1621,381,93,2_4,2,4,28544.677480648432
case,22,1622,382,94,2_4,2,4,47771.08485333926
case,64,1623,384,96,2_4,2,4,143824.29154376808
control,64,1624,385,97,2_4,2,4,49502.63037806767
control,172,1627,388,100,2_4,2,4,55072.389844580255
case,172,1628,389,101,2_4,2,4,30629.59964307652
case,633,1629,390,102,2_4,2,4,37857.51102494912
control,633,1630,391,103,2_4,2,4,27416.59052183793
control,699,1631,392,104,2_4,2,4,14844.537065214843
case,699,1632,393,105,2_4,2,4,16657.631044797028
control,600,1633,397,13,2_5,2,5,30238.167059778418
case,600,1634,398,14,2_5,2,5,69582.57824489464
control,230,1635,399,15,2_5,2,5,33578.93542695459
case,230,1636,400,16,2_5,2,5,56852.864442220925
case,45,1637,401,17,2_5,2,5,40026.69992405944
control,45,1638,402,18,2_5,2,5,32630.25506882238
control,364,1639,403,19,2_5,2,5,20256.636185676805
case,364,1640,404,20,2_5,2,5,288627.1645457814
control,563,1641,405,21,2_5,2,5,35587.74569818582
case,563,1642,407,23,2_5,2,5,36166.7397276476
case,574,1643,408,24,2_5,2,5,25774.748297448667
control,574,1644,409,25,2_5,2,5,25301.76725929679
case,375,1645,410,26,2_5,2,5,34114.43694716102
control,375,1646,411,27,2_5,2,5,45911.78008267327
control,222,1647,412,28,2_5,2,5,27011.566529397533
case,222,1648,413,29,2_5,2,5,72714.03891127945
control,63,1651,416,32,2_5,2,5,50367.04399951765
case,63,1652,417,33,2_5,2,5,85079.50294893965
control,724,1653,419,35,2_5,2,5,20270.227594819095
case,724,1654,420,36,2_5,2,5,58657.80357631773
case,269,1656,422,38,2_5,2,5,12843.881639468987
control,269,1657,423,39,2_5,2,5,21237.93592575052
control,426,1659,425,41,2_5,2,5,22703.089831289944
case,426,1660,426,42,2_5,2,5,19267.18160011771
case,242,1663,429,45,2_5,2,5,24535.21178367134
control,242,1664,431,47,2_5,2,5,29072.024155369487
control,379,1665,432,48,2_5,2,5,43364.750009407144
case,379,1666,433,49,2_5,2,5,28574.57858076148
case,411,1667,434,50,2_5,2,5,18234.234505303273
control,411,1668,435,51,2_5,2,5,60389.349101046144
control,114,1669,436,52,2_5,2,5,63496.34523097483
case,114,1670,437,53,2_5,2,5,112683.65491694126
control,123,1671,438,54,2_5,2,5,27190.97313007583
case,123,1672,439,55,2_5,2,5,34573.82657617059
case,176,1674,441,57,2_5,2,5,28623.507653673743
control,176,1675,445,61,2_5,2,5,31488.576700869577
case,607,1677,447,63,2_5,2,5,24513.465529043668
control,607,1678,448,64,2_5,2,5,46893.079822746986
control,722,1679,449,65,2_5,2,5,46096.62324700849
case,722,1680,450,66,2_5,2,5,30132.154068468513
control,365,1681,451,67,2_5,2,5,35280.57985156995
case,365,1682,452,68,2_5,2,5,51340.18889410599
case,693,1683,453,69,2_5,2,5,27389.407703553337
control,693,1684,455,71,2_5,2,5,33263.614734853334
control,298,1685,456,72,2_5,2,5,26266.757308399752
case,298,1686,457,73,2_5,2,5,24146.4974822017
control,442,1687,458,74,2_5,2,5,24315.03095556616
case,442,1688,459,75,2_5,2,5,40899.268390994795
case,8,1689,460,76,2_5,2,5,30920.45579872164
control,8,1690,461,77,2_5,2,5,54115.55464096267
case,479,1691,462,78,2_5,2,5,23823.02194461507
control,479,1692,463,79,2_5,2,5,22534.556357925485
case,90,1693,464,80,2_5,2,5,42334.52119642117
control,90,1694,465,81,2_5,2,5,40752.481172258005
case,710,1697,469,85,2_5,2,5,27598.715404344686
control,710,1698,470,86,2_5,2,5,92932.61915135784
control,193,1699,471,87,2_5,2,5,56928.976333417784
case,193,1700,472,88,2_5,2,5,57184.49482529293
control,474,1701,473,89,2_5,2,5,17220.31538328805
case,474,1702,474,90,2_5,2,5,30439.319915084387
case,725,1703,475,91,2_5,2,5,26679.936146325526
control,725,1704,476,92,2_5,2,5,18071.13759559573
case,531,1705,477,93,2_5,2,5,25092.459558505445
control,531,1706,479,95,2_5,2,5,49923.96406147882
control,750,1707,480,96,2_5,2,5,24866.842166743343
case,750,1708,481,97,2_5,2,5,21077.557297871437
case,207,1709,482,98,2_5,2,5,41608.7399482226
control,207,1710,483,99,2_5,2,5,60196.35109122555
control,424,1711,484,100,2_5,2,5,55189.275963204
case,424,1712,485,101,2_5,2,5,27267.08502127268
control,547,1713,486,102,2_5,2,5,91070.5960988634
case,547,1714,487,103,2_5,2,5,31306.45181836282
control,599,1715,488,104,2_5,2,5,13705.576979090503
case,599,1716,489,105,2_5,2,5,29178.03714667939
